{
  "CM_up": {
    "x": 0.0,
    "r": 7.0
  },
  "CM_down": {
    "x": 9.833333333333334,
    "r": 7.583333333333333
  },
  "DA": {
    "x": 9.833333333333334,
    "r": 43.333333333333336
  },
  "EAM_up": {
    "x": 0.0,
    "r": 0.0
  },
  "EAM_down": {
    "x": 9.833333333333334,
    "r": 0.0
  }
}